{
    "Unseen Data": {
        "MSE": 0.0014921336301484398,
        "RMSE": 0.03862814556962889,
        "R2": 0.9450415509220728
    },
    "Cross-Validation": {
        "MSE": 0.0003578272590889982,
        "RMSE": 0.018902197549889182,
        "R2": 0.9880134433321015
    },
    "Test": {
        "MSE": 0.002295676323329586,
        "RMSE": 0.04791321658300125,
        "R2": 0.9413129159907994
    }
}